X2018_7_1_1h,X2018_7_1_2h,X2018_7_1_3h,X2018_7_1_4h,X2018_7_1_5h,X2018_7_1_6h,X2018_7_1_7h,X2018_7_1_8h,X2018_7_1_9h,X2018_7_1_10h,X2018_7_1_11h,X2018_7_1_12h,X2018_7_1_13h,X2018_7_1_14h,X2018_7_1_15h,X2018_7_1_16h,X2018_7_1_17h,X2018_7_1_18h,X2018_7_1_19h,X2018_7_1_20h,X2018_7_1_21h,X2018_7_1_22h,X2018_7_1_23h,X2018_7_1_24h,X2018_7_1_d,X2018_7_2_d,X2018_7_3_d,X2018_7_4_d,X2018_7_5_d,X2018_7_6_d,X2018_7_7_d,X2018_7_8_d,X2018_7_9_d,X2018_7_10_d,X2018_7_m,X2018_8_m,X2018_9_m,X2018_10_m,X2018_11_m
5.6179999999999986,5.6179999999999986,5.6179999999999986,5.6179999999999986,5.6179999999999986,5.6179999999999986,5.6179999999999986,5.6179999999999986,5.6179999999999986,5.6179999999999986,5.6179999999999986,5.6179999999999986,5.6179999999999986,5.6179999999999986,5.6179999999999986,5.6179999999999986,5.6179999999999986,5.6179999999999986,5.6179999999999986,5.6179999999999986,5.6179999999999986,5.6179999999999986,5.6179999999999986,5.6179999999999986,134.83199999999997,134.83199999999997,134.83199999999997,134.83199999999997,134.83199999999997,134.83199999999997,134.83199999999997,134.83199999999997,134.83199999999997,134.83199999999997,1517.0160000000003,1517.0160000000003,1468.0800000000002,1517.0160000000003,1468.0800000000002
1.146,1.146,1.146,1.146,1.146,1.146,1.146,1.146,1.146,1.146,1.146,1.146,1.146,1.146,1.146,1.146,1.146,1.146,1.146,1.146,1.146,1.146,1.146,1.146,27.503999999999998,27.503999999999998,27.503999999999998,27.503999999999998,27.503999999999998,27.503999999999998,27.503999999999998,27.503999999999998,27.503999999999998,27.503999999999998,397.29600000000005,397.29600000000005,384.48,397.29600000000005,384.48
2.039,2.039,2.039,2.039,2.039,2.039,2.039,2.039,2.039,2.039,2.039,2.039,2.039,2.039,2.039,2.039,2.039,2.039,2.039,2.039,2.039,2.039,2.039,2.039,48.93600000000001,48.93600000000001,48.93600000000001,48.93600000000001,48.93600000000001,48.93600000000001,48.93600000000001,48.93600000000001,48.93600000000001,48.93600000000001,171.864,171.864,166.32000000000002,171.864,166.32000000000002
3.684,3.684,3.684,3.684,3.684,3.684,3.684,3.684,3.684,3.684,3.684,3.684,3.684,3.684,3.684,3.684,3.684,3.684,3.684,3.684,3.684,3.684,3.684,3.684,88.416,88.416,88.416,88.416,88.416,88.416,88.416,88.416,88.416,88.416,384.648,384.648,372.24,384.648,372.24
2.575,2.575,2.575,2.575,2.575,2.575,2.575,2.575,2.575,2.575,2.575,2.575,2.575,2.575,2.575,2.575,2.575,2.575,2.575,2.575,2.575,2.575,2.575,2.575,61.800000000000004,61.800000000000004,61.800000000000004,61.800000000000004,61.800000000000004,61.800000000000004,61.800000000000004,61.800000000000004,61.800000000000004,61.800000000000004,46.128,46.128,44.64,46.128,44.64
0.092,0.092,0.092,0.092,0.092,0.092,0.092,0.092,0.092,0.092,0.092,0.092,0.092,0.092,0.092,0.092,0.092,0.092,0.092,0.092,0.092,0.092,0.092,0.092,2.208,2.208,2.208,2.208,2.208,2.208,2.208,2.208,2.208,2.208,128.712,128.712,124.55999999999997,128.712,124.55999999999997
1.337,1.337,1.337,1.337,1.337,1.337,1.337,1.337,1.337,1.337,1.337,1.337,1.337,1.337,1.337,1.337,1.337,1.337,1.337,1.337,1.337,1.337,1.337,1.337,32.088,32.088,32.088,32.088,32.088,32.088,32.088,32.088,32.088,32.088,180.792,180.792,174.96,180.792,174.96
2.291,2.291,2.291,2.291,2.291,2.291,2.291,2.291,2.291,2.291,2.291,2.291,2.291,2.291,2.291,2.291,2.291,2.291,2.291,2.291,2.291,2.291,2.291,2.291,54.983999999999995,54.983999999999995,54.983999999999995,54.983999999999995,54.983999999999995,54.983999999999995,54.983999999999995,54.983999999999995,54.983999999999995,54.983999999999995,209.80799999999996,209.80799999999996,203.03999999999996,209.80799999999996,203.03999999999996
0.5379999999999999,0.5379999999999999,0.5379999999999999,0.5379999999999999,0.5379999999999999,0.5379999999999999,0.5379999999999999,0.5379999999999999,0.5379999999999999,0.5379999999999999,0.5379999999999999,0.5379999999999999,0.5379999999999999,0.5379999999999999,0.5379999999999999,0.5379999999999999,0.5379999999999999,0.5379999999999999,0.5379999999999999,0.5379999999999999,0.5379999999999999,0.5379999999999999,0.5379999999999999,0.5379999999999999,12.911999999999999,12.911999999999999,12.911999999999999,12.911999999999999,12.911999999999999,12.911999999999999,12.911999999999999,12.911999999999999,12.911999999999999,12.911999999999999,521.544,521.544,504.7199999999999,521.544,504.7199999999999
0.537,0.537,0.537,0.537,0.537,0.537,0.537,0.537,0.537,0.537,0.537,0.537,0.537,0.537,0.537,0.537,0.537,0.537,0.537,0.537,0.537,0.537,0.537,0.537,12.888000000000002,12.888000000000002,12.888000000000002,12.888000000000002,12.888000000000002,12.888000000000002,12.888000000000002,12.888000000000002,12.888000000000002,12.888000000000002,386.88,386.88,374.40000000000003,386.88,374.40000000000003
0.006,0.006,0.006,0.006,0.006,0.006,0.006,0.006,0.006,0.006,0.006,0.006,0.006,0.006,0.006,0.006,0.006,0.006,0.006,0.006,0.006,0.006,0.006,0.006,0.14400000000000002,0.14400000000000002,0.14400000000000002,0.14400000000000002,0.14400000000000002,0.14400000000000002,0.14400000000000002,0.14400000000000002,0.14400000000000002,0.14400000000000002,859.3199999999999,859.3199999999999,831.5999999999999,859.3199999999999,831.5999999999999
2.741,2.741,2.741,2.741,2.741,2.741,2.741,2.741,2.741,2.741,2.741,2.741,2.741,2.741,2.741,2.741,2.741,2.741,2.741,2.741,2.741,2.741,2.741,2.741,65.784,65.784,65.784,65.784,65.784,65.784,65.784,65.784,65.784,65.784,406.22400000000005,406.22400000000005,393.12,406.22400000000005,393.12
2.198,2.198,2.198,2.198,2.198,2.198,2.198,2.198,2.198,2.198,2.198,2.198,2.198,2.198,2.198,2.198,2.198,2.198,2.198,2.198,2.198,2.198,2.198,2.198,52.751999999999995,52.751999999999995,52.751999999999995,52.751999999999995,52.751999999999995,52.751999999999995,52.751999999999995,52.751999999999995,52.751999999999995,52.751999999999995,29.016,29.016,28.08,29.016,28.08
0.028,0.028,0.028,0.028,0.028,0.028,0.028,0.028,0.028,0.028,0.028,0.028,0.028,0.028,0.028,0.028,0.028,0.028,0.028,0.028,0.028,0.028,0.028,0.028,0.672,0.672,0.672,0.672,0.672,0.672,0.672,0.672,0.672,0.672,293.88,293.88,284.40000000000003,293.88,284.40000000000003
0.365,0.365,0.365,0.365,0.365,0.365,0.365,0.365,0.365,0.365,0.365,0.365,0.365,0.365,0.365,0.365,0.365,0.365,0.365,0.365,0.365,0.365,0.365,0.365,8.76,8.76,8.76,8.76,8.76,8.76,8.76,8.76,8.76,8.76,255.19200000000004,255.19200000000004,246.96000000000004,255.19200000000004,246.96000000000004
0.115,0.115,0.115,0.115,0.115,0.115,0.115,0.115,0.115,0.115,0.115,0.115,0.115,0.115,0.115,0.115,0.115,0.115,0.115,0.115,0.115,0.115,0.115,0.115,2.7600000000000002,2.7600000000000002,2.7600000000000002,2.7600000000000002,2.7600000000000002,2.7600000000000002,2.7600000000000002,2.7600000000000002,2.7600000000000002,2.7600000000000002,185.256,185.256,179.28,185.256,179.28
0.062,0.062,0.062,0.062,0.062,0.062,0.062,0.062,0.062,0.062,0.062,0.062,0.062,0.062,0.062,0.062,0.062,0.062,0.062,0.062,0.062,0.062,0.062,0.062,1.488,1.488,1.488,1.488,1.488,1.488,1.488,1.488,1.488,1.488,209.06400000000002,209.06400000000002,202.32000000000002,209.06400000000002,202.32000000000002
3.362,3.362,3.362,3.362,3.362,3.362,3.362,3.362,3.362,3.362,3.362,3.362,3.362,3.362,3.362,3.362,3.362,3.362,3.362,3.362,3.362,3.362,3.362,3.362,80.688,80.688,80.688,80.688,80.688,80.688,80.688,80.688,80.688,80.688,252.96,252.96,244.8,252.96,244.8
12.184,12.184,12.184,12.184,12.184,12.184,12.184,12.184,12.184,12.184,12.184,12.184,12.184,12.184,12.184,12.184,12.184,12.184,12.184,12.184,12.184,12.184,12.184,12.184,292.416,292.416,292.416,292.416,292.416,292.416,292.416,292.416,292.416,292.416,276.024,276.024,267.12,276.024,267.12
10.996,10.996,10.996,10.996,10.996,10.996,10.996,10.996,10.996,10.996,10.996,10.996,10.996,10.996,10.996,10.996,10.996,10.996,10.996,10.996,10.996,10.996,10.996,10.996,263.904,263.904,263.904,263.904,263.904,263.904,263.904,263.904,263.904,263.904,314.712,314.712,304.56,314.712,304.56
1.6469999999999998,1.6469999999999998,1.6469999999999998,1.6469999999999998,1.6469999999999998,1.6469999999999998,1.6469999999999998,1.6469999999999998,1.6469999999999998,1.6469999999999998,1.6469999999999998,1.6469999999999998,1.6469999999999998,1.6469999999999998,1.6469999999999998,1.6469999999999998,1.6469999999999998,1.6469999999999998,1.6469999999999998,1.6469999999999998,1.6469999999999998,1.6469999999999998,1.6469999999999998,1.6469999999999998,39.52799999999999,39.52799999999999,39.52799999999999,39.52799999999999,39.52799999999999,39.52799999999999,39.52799999999999,39.52799999999999,39.52799999999999,39.52799999999999,139.128,139.128,134.64,139.128,134.64
2.867,2.867,2.867,2.867,2.867,2.867,2.867,2.867,2.867,2.867,2.867,2.867,2.867,2.867,2.867,2.867,2.867,2.867,2.867,2.867,2.867,2.867,2.867,2.867,68.80799999999999,68.80799999999999,68.80799999999999,68.80799999999999,68.80799999999999,68.80799999999999,68.80799999999999,68.80799999999999,68.80799999999999,68.80799999999999,178.56,178.56,172.79999999999998,178.56,172.79999999999998
0.187,0.187,0.187,0.187,0.187,0.187,0.187,0.187,0.187,0.187,0.187,0.187,0.187,0.187,0.187,0.187,0.187,0.187,0.187,0.187,0.187,0.187,0.187,0.187,4.4879999999999995,4.4879999999999995,4.4879999999999995,4.4879999999999995,4.4879999999999995,4.4879999999999995,4.4879999999999995,4.4879999999999995,4.4879999999999995,4.4879999999999995,223.2,223.2,215.99999999999997,223.2,215.99999999999997
0.75,0.75,0.75,0.75,0.75,0.75,0.75,0.75,0.75,0.75,0.75,0.75,0.75,0.75,0.75,0.75,0.75,0.75,0.75,0.75,0.75,0.75,0.75,0.75,18.0,18.0,18.0,18.0,18.0,18.0,18.0,18.0,18.0,18.0,174.84,174.84,169.2,174.84,169.2
3.379,3.379,3.379,3.379,3.379,3.379,3.379,3.379,3.379,3.379,3.379,3.379,3.379,3.379,3.379,3.379,3.379,3.379,3.379,3.379,3.379,3.379,3.379,3.379,81.096,81.096,81.096,81.096,81.096,81.096,81.096,81.096,81.096,81.096,156.24,156.24,151.2,156.24,151.2
0.3025,0.3025,0.3025,0.3025,0.3025,0.3025,0.3025,0.3025,0.3025,0.3025,0.3025,0.3025,0.3025,0.3025,0.3025,0.3025,0.3025,0.3025,0.3025,0.3025,0.3025,0.3025,0.3025,0.3025,7.26,7.26,7.26,7.26,7.26,7.26,7.26,7.26,7.26,7.26,170.376,170.376,164.88000000000002,170.376,164.88000000000002
0.008,0.008,0.008,0.008,0.008,0.008,0.008,0.008,0.008,0.008,0.008,0.008,0.008,0.008,0.008,0.008,0.008,0.008,0.008,0.008,0.008,0.008,0.008,0.008,0.192,0.192,0.192,0.192,0.192,0.192,0.192,0.192,0.192,0.192,2740.8959999999997,2740.8959999999997,2652.48,2740.8959999999997,2652.48
1.102,1.102,1.102,1.102,1.102,1.102,1.102,1.102,1.102,1.102,1.102,1.102,1.102,1.102,1.102,1.102,1.102,1.102,1.102,1.102,1.102,1.102,1.102,1.102,26.448,26.448,26.448,26.448,26.448,26.448,26.448,26.448,26.448,26.448,217.992,217.992,210.96,217.992,210.96
0.17600000000000002,0.17600000000000002,0.17600000000000002,0.17600000000000002,0.17600000000000002,0.17600000000000002,0.17600000000000002,0.17600000000000002,0.17600000000000002,0.17600000000000002,0.17600000000000002,0.17600000000000002,0.17600000000000002,0.17600000000000002,0.17600000000000002,0.17600000000000002,0.17600000000000002,0.17600000000000002,0.17600000000000002,0.17600000000000002,0.17600000000000002,0.17600000000000002,0.17600000000000002,0.17600000000000002,4.224,4.224,4.224,4.224,4.224,4.224,4.224,4.224,4.224,4.224,325.1280000000001,325.1280000000001,314.6400000000001,325.1280000000001,314.6400000000001
6.113,6.113,6.113,6.113,6.113,6.113,6.113,6.113,6.113,6.113,6.113,6.113,6.113,6.113,6.113,6.113,6.113,6.113,6.113,6.113,6.113,6.113,6.113,6.113,146.71200000000002,146.71200000000002,146.71200000000002,146.71200000000002,146.71200000000002,146.71200000000002,146.71200000000002,146.71200000000002,146.71200000000002,146.71200000000002,220.96800000000002,220.96800000000002,213.84,220.96800000000002,213.84
0.49250000000000005,0.49250000000000005,0.49250000000000005,0.49250000000000005,0.49250000000000005,0.49250000000000005,0.49250000000000005,0.49250000000000005,0.49250000000000005,0.49250000000000005,0.49250000000000005,0.49250000000000005,0.49250000000000005,0.49250000000000005,0.49250000000000005,0.49250000000000005,0.49250000000000005,0.49250000000000005,0.49250000000000005,0.49250000000000005,0.49250000000000005,0.49250000000000005,0.49250000000000005,0.49250000000000005,11.82,11.82,11.82,11.82,11.82,11.82,11.82,11.82,11.82,11.82,217.24799999999996,217.24799999999996,210.23999999999998,217.24799999999996,210.23999999999998
1.973,1.973,1.973,1.973,1.973,1.973,1.973,1.973,1.973,1.973,1.973,1.973,1.973,1.973,1.973,1.973,1.973,1.973,1.973,1.973,1.973,1.973,1.973,1.973,47.352000000000004,47.352000000000004,47.352000000000004,47.352000000000004,47.352000000000004,47.352000000000004,47.352000000000004,47.352000000000004,47.352000000000004,47.352000000000004,395.808,395.808,383.04,395.808,383.04
0.35600000000000004,0.35600000000000004,0.35600000000000004,0.35600000000000004,0.35600000000000004,0.35600000000000004,0.35600000000000004,0.35600000000000004,0.35600000000000004,0.35600000000000004,0.35600000000000004,0.35600000000000004,0.35600000000000004,0.35600000000000004,0.35600000000000004,0.35600000000000004,0.35600000000000004,0.35600000000000004,0.35600000000000004,0.35600000000000004,0.35600000000000004,0.35600000000000004,0.35600000000000004,0.35600000000000004,8.544,8.544,8.544,8.544,8.544,8.544,8.544,8.544,8.544,8.544,58.032,58.032,56.16,58.032,56.16
0.302,0.302,0.302,0.302,0.302,0.302,0.302,0.302,0.302,0.302,0.302,0.302,0.302,0.302,0.302,0.302,0.302,0.302,0.302,0.302,0.302,0.302,0.302,0.302,7.247999999999999,7.247999999999999,7.247999999999999,7.247999999999999,7.247999999999999,7.247999999999999,7.247999999999999,7.247999999999999,7.247999999999999,7.247999999999999,186.744,186.744,180.72,186.744,180.72
0.1,0.1,0.1,0.1,0.1,0.1,0.1,0.1,0.1,0.1,0.1,0.1,0.1,0.1,0.1,0.1,0.1,0.1,0.1,0.1,0.1,0.1,0.1,0.1,2.4000000000000004,2.4000000000000004,2.4000000000000004,2.4000000000000004,2.4000000000000004,2.4000000000000004,2.4000000000000004,2.4000000000000004,2.4000000000000004,2.4000000000000004,186.0,186.0,180.0,186.0,180.0
0.534,0.534,0.534,0.534,0.534,0.534,0.534,0.534,0.534,0.534,0.534,0.534,0.534,0.534,0.534,0.534,0.534,0.534,0.534,0.534,0.534,0.534,0.534,0.534,12.816,12.816,12.816,12.816,12.816,12.816,12.816,12.816,12.816,12.816,185.256,185.256,179.28,185.256,179.28
0.231,0.231,0.231,0.231,0.231,0.231,0.231,0.231,0.231,0.231,0.231,0.231,0.231,0.231,0.231,0.231,0.231,0.231,0.231,0.231,0.231,0.231,0.231,0.231,5.5440000000000005,5.5440000000000005,5.5440000000000005,5.5440000000000005,5.5440000000000005,5.5440000000000005,5.5440000000000005,5.5440000000000005,5.5440000000000005,5.5440000000000005,212.04,212.04,205.2,212.04,205.2
0.517,0.517,0.517,0.517,0.517,0.517,0.517,0.517,0.517,0.517,0.517,0.517,0.517,0.517,0.517,0.517,0.517,0.517,0.517,0.517,0.517,0.517,0.517,0.517,12.408000000000001,12.408000000000001,12.408000000000001,12.408000000000001,12.408000000000001,12.408000000000001,12.408000000000001,12.408000000000001,12.408000000000001,12.408000000000001,1915.8000000000002,1915.8000000000002,1854.0000000000002,1915.8000000000002,1854.0000000000002
0.062,0.062,0.062,0.062,0.062,0.062,0.062,0.062,0.062,0.062,0.062,0.062,0.062,0.062,0.062,0.062,0.062,0.062,0.062,0.062,0.062,0.062,0.062,0.062,1.488,1.488,1.488,1.488,1.488,1.488,1.488,1.488,1.488,1.488,142.848,142.848,138.24,142.848,138.24
0.173,0.173,0.173,0.173,0.173,0.173,0.173,0.173,0.173,0.173,0.173,0.173,0.173,0.173,0.173,0.173,0.173,0.173,0.173,0.173,0.173,0.173,0.173,0.173,4.151999999999999,4.151999999999999,4.151999999999999,4.151999999999999,4.151999999999999,4.151999999999999,4.151999999999999,4.151999999999999,4.151999999999999,4.151999999999999,131.688,131.688,127.43999999999998,131.688,127.43999999999998
0.243,0.243,0.243,0.243,0.243,0.243,0.243,0.243,0.243,0.243,0.243,0.243,0.243,0.243,0.243,0.243,0.243,0.243,0.243,0.243,0.243,0.243,0.243,0.243,5.832,5.832,5.832,5.832,5.832,5.832,5.832,5.832,5.832,5.832,191.952,191.952,185.76,191.952,185.76
0.282,0.282,0.282,0.282,0.282,0.282,0.282,0.282,0.282,0.282,0.282,0.282,0.282,0.282,0.282,0.282,0.282,0.282,0.282,0.282,0.282,0.282,0.282,0.282,6.767999999999999,6.767999999999999,6.767999999999999,6.767999999999999,6.767999999999999,6.767999999999999,6.767999999999999,6.767999999999999,6.767999999999999,6.767999999999999,259.656,259.656,251.27999999999997,259.656,251.27999999999997
0.701,0.701,0.701,0.701,0.701,0.701,0.701,0.701,0.701,0.701,0.701,0.701,0.701,0.701,0.701,0.701,0.701,0.701,0.701,0.701,0.701,0.701,0.701,0.701,16.823999999999998,16.823999999999998,16.823999999999998,16.823999999999998,16.823999999999998,16.823999999999998,16.823999999999998,16.823999999999998,16.823999999999998,16.823999999999998,148.8,148.8,144.00000000000003,148.8,144.00000000000003
0.52,0.52,0.52,0.52,0.52,0.52,0.52,0.52,0.52,0.52,0.52,0.52,0.52,0.52,0.52,0.52,0.52,0.52,0.52,0.52,0.52,0.52,0.52,0.52,12.48,12.48,12.48,12.48,12.48,12.48,12.48,12.48,12.48,12.48,238.07999999999998,238.07999999999998,230.39999999999998,238.07999999999998,230.39999999999998
1.155,1.155,1.155,1.155,1.155,1.155,1.155,1.155,1.155,1.155,1.155,1.155,1.155,1.155,1.155,1.155,1.155,1.155,1.155,1.155,1.155,1.155,1.155,1.155,27.72,27.72,27.72,27.72,27.72,27.72,27.72,27.72,27.72,27.72,335.544,335.544,324.71999999999997,335.544,324.71999999999997
0.546,0.546,0.546,0.546,0.546,0.546,0.546,0.546,0.546,0.546,0.546,0.546,0.546,0.546,0.546,0.546,0.546,0.546,0.546,0.546,0.546,0.546,0.546,0.546,13.104000000000001,13.104000000000001,13.104000000000001,13.104000000000001,13.104000000000001,13.104000000000001,13.104000000000001,13.104000000000001,13.104000000000001,13.104000000000001,68.44800000000001,68.44800000000001,66.24000000000001,68.44800000000001,66.24000000000001
0.039,0.039,0.039,0.039,0.039,0.039,0.039,0.039,0.039,0.039,0.039,0.039,0.039,0.039,0.039,0.039,0.039,0.039,0.039,0.039,0.039,0.039,0.039,0.039,0.9359999999999999,0.9359999999999999,0.9359999999999999,0.9359999999999999,0.9359999999999999,0.9359999999999999,0.9359999999999999,0.9359999999999999,0.9359999999999999,0.9359999999999999,155.496,155.496,150.48,155.496,150.48
0.395,0.395,0.395,0.395,0.395,0.395,0.395,0.395,0.395,0.395,0.395,0.395,0.395,0.395,0.395,0.395,0.395,0.395,0.395,0.395,0.395,0.395,0.395,0.395,9.48,9.48,9.48,9.48,9.48,9.48,9.48,9.48,9.48,9.48,193.44,193.44,187.20000000000002,193.44,187.20000000000002
0.343,0.343,0.343,0.343,0.343,0.343,0.343,0.343,0.343,0.343,0.343,0.343,0.343,0.343,0.343,0.343,0.343,0.343,0.343,0.343,0.343,0.343,0.343,0.343,8.232000000000001,8.232000000000001,8.232000000000001,8.232000000000001,8.232000000000001,8.232000000000001,8.232000000000001,8.232000000000001,8.232000000000001,8.232000000000001,267.096,267.096,258.48,267.096,258.48
0.249,0.249,0.249,0.249,0.249,0.249,0.249,0.249,0.249,0.249,0.249,0.249,0.249,0.249,0.249,0.249,0.249,0.249,0.249,0.249,0.249,0.249,0.249,0.249,5.976,5.976,5.976,5.976,5.976,5.976,5.976,5.976,5.976,5.976,256.68,256.68,248.39999999999998,256.68,248.39999999999998
0.281,0.281,0.281,0.281,0.281,0.281,0.281,0.281,0.281,0.281,0.281,0.281,0.281,0.281,0.281,0.281,0.281,0.281,0.281,0.281,0.281,0.281,0.281,0.281,6.744000000000001,6.744000000000001,6.744000000000001,6.744000000000001,6.744000000000001,6.744000000000001,6.744000000000001,6.744000000000001,6.744000000000001,6.744000000000001,204.60000000000002,204.60000000000002,198.00000000000003,204.60000000000002,198.00000000000003
0.34,0.34,0.34,0.34,0.34,0.34,0.34,0.34,0.34,0.34,0.34,0.34,0.34,0.34,0.34,0.34,0.34,0.34,0.34,0.34,0.34,0.34,0.34,0.34,8.16,8.16,8.16,8.16,8.16,8.16,8.16,8.16,8.16,8.16,195.672,195.672,189.36,195.672,189.36
0.371,0.371,0.371,0.371,0.371,0.371,0.371,0.371,0.371,0.371,0.371,0.371,0.371,0.371,0.371,0.371,0.371,0.371,0.371,0.371,0.371,0.371,0.371,0.371,8.904,8.904,8.904,8.904,8.904,8.904,8.904,8.904,8.904,8.904,300.576,300.576,290.88000000000005,300.576,290.88000000000005
0.423,0.423,0.423,0.423,0.423,0.423,0.423,0.423,0.423,0.423,0.423,0.423,0.423,0.423,0.423,0.423,0.423,0.423,0.423,0.423,0.423,0.423,0.423,0.423,10.152,10.152,10.152,10.152,10.152,10.152,10.152,10.152,10.152,10.152,320.664,320.664,310.32,320.664,310.32
0.187,0.187,0.187,0.187,0.187,0.187,0.187,0.187,0.187,0.187,0.187,0.187,0.187,0.187,0.187,0.187,0.187,0.187,0.187,0.187,0.187,0.187,0.187,0.187,4.4879999999999995,4.4879999999999995,4.4879999999999995,4.4879999999999995,4.4879999999999995,4.4879999999999995,4.4879999999999995,4.4879999999999995,4.4879999999999995,4.4879999999999995,109.36799999999998,109.36799999999998,105.83999999999999,109.36799999999998,105.83999999999999
0.24,0.24,0.24,0.24,0.24,0.24,0.24,0.24,0.24,0.24,0.24,0.24,0.24,0.24,0.24,0.24,0.24,0.24,0.24,0.24,0.24,0.24,0.24,0.24,5.76,5.76,5.76,5.76,5.76,5.76,5.76,5.76,5.76,5.76,263.376,263.376,254.87999999999997,263.376,254.87999999999997
0.3,0.3,0.3,0.3,0.3,0.3,0.3,0.3,0.3,0.3,0.3,0.3,0.3,0.3,0.3,0.3,0.3,0.3,0.3,0.3,0.3,0.3,0.3,0.3,7.199999999999999,7.199999999999999,7.199999999999999,7.199999999999999,7.199999999999999,7.199999999999999,7.199999999999999,7.199999999999999,7.199999999999999,7.199999999999999,174.096,174.096,168.48000000000002,174.096,168.48000000000002
0.235,0.235,0.235,0.235,0.235,0.235,0.235,0.235,0.235,0.235,0.235,0.235,0.235,0.235,0.235,0.235,0.235,0.235,0.235,0.235,0.235,0.235,0.235,0.235,5.64,5.64,5.64,5.64,5.64,5.64,5.64,5.64,5.64,5.64,91.512,91.512,88.56,91.512,88.56
0.21,0.21,0.21,0.21,0.21,0.21,0.21,0.21,0.21,0.21,0.21,0.21,0.21,0.21,0.21,0.21,0.21,0.21,0.21,0.21,0.21,0.21,0.21,0.21,5.04,5.04,5.04,5.04,5.04,5.04,5.04,5.04,5.04,5.04,224.688,224.688,217.43999999999997,224.688,217.43999999999997
0.229,0.229,0.229,0.229,0.229,0.229,0.229,0.229,0.229,0.229,0.229,0.229,0.229,0.229,0.229,0.229,0.229,0.229,0.229,0.229,0.229,0.229,0.229,0.229,5.496,5.496,5.496,5.496,5.496,5.496,5.496,5.496,5.496,5.496,250.72800000000004,250.72800000000004,242.64000000000004,250.72800000000004,242.64000000000004
0.293,0.293,0.293,0.293,0.293,0.293,0.293,0.293,0.293,0.293,0.293,0.293,0.293,0.293,0.293,0.293,0.293,0.293,0.293,0.293,0.293,0.293,0.293,0.293,7.032,7.032,7.032,7.032,7.032,7.032,7.032,7.032,7.032,7.032,252.96,252.96,244.8,252.96,244.8
0.4370000000000001,0.4370000000000001,0.4370000000000001,0.4370000000000001,0.4370000000000001,0.4370000000000001,0.4370000000000001,0.4370000000000001,0.4370000000000001,0.4370000000000001,0.4370000000000001,0.4370000000000001,0.4370000000000001,0.4370000000000001,0.4370000000000001,0.4370000000000001,0.4370000000000001,0.4370000000000001,0.4370000000000001,0.4370000000000001,0.4370000000000001,0.4370000000000001,0.4370000000000001,0.4370000000000001,10.488000000000003,10.488000000000003,10.488000000000003,10.488000000000003,10.488000000000003,10.488000000000003,10.488000000000003,10.488000000000003,10.488000000000003,10.488000000000003,200.88000000000002,200.88000000000002,194.4,200.88000000000002,194.4
0.297,0.297,0.297,0.297,0.297,0.297,0.297,0.297,0.297,0.297,0.297,0.297,0.297,0.297,0.297,0.297,0.297,0.297,0.297,0.297,0.297,0.297,0.297,0.297,7.128,7.128,7.128,7.128,7.128,7.128,7.128,7.128,7.128,7.128,256.68,256.68,248.39999999999998,256.68,248.39999999999998
0.292,0.292,0.292,0.292,0.292,0.292,0.292,0.292,0.292,0.292,0.292,0.292,0.292,0.292,0.292,0.292,0.292,0.292,0.292,0.292,0.292,0.292,0.292,0.292,7.007999999999999,7.007999999999999,7.007999999999999,7.007999999999999,7.007999999999999,7.007999999999999,7.007999999999999,7.007999999999999,7.007999999999999,7.007999999999999,128.712,128.712,124.55999999999997,128.712,124.55999999999997
0.532,0.532,0.532,0.532,0.532,0.532,0.532,0.532,0.532,0.532,0.532,0.532,0.532,0.532,0.532,0.532,0.532,0.532,0.532,0.532,0.532,0.532,0.532,0.532,12.768,12.768,12.768,12.768,12.768,12.768,12.768,12.768,12.768,12.768,311.736,311.736,301.67999999999995,311.736,301.67999999999995
0.078,0.078,0.078,0.078,0.078,0.078,0.078,0.078,0.078,0.078,0.078,0.078,0.078,0.078,0.078,0.078,0.078,0.078,0.078,0.078,0.078,0.078,0.078,0.078,1.8719999999999999,1.8719999999999999,1.8719999999999999,1.8719999999999999,1.8719999999999999,1.8719999999999999,1.8719999999999999,1.8719999999999999,1.8719999999999999,1.8719999999999999,165.168,165.168,159.84,165.168,159.84
0.251,0.251,0.251,0.251,0.251,0.251,0.251,0.251,0.251,0.251,0.251,0.251,0.251,0.251,0.251,0.251,0.251,0.251,0.251,0.251,0.251,0.251,0.251,0.251,6.024,6.024,6.024,6.024,6.024,6.024,6.024,6.024,6.024,6.024,95.232,95.232,92.16,95.232,92.16
0.25,0.25,0.25,0.25,0.25,0.25,0.25,0.25,0.25,0.25,0.25,0.25,0.25,0.25,0.25,0.25,0.25,0.25,0.25,0.25,0.25,0.25,0.25,0.25,6.0,6.0,6.0,6.0,6.0,6.0,6.0,6.0,6.0,6.0,238.824,238.824,231.12,238.824,231.12
0.249,0.249,0.249,0.249,0.249,0.249,0.249,0.249,0.249,0.249,0.249,0.249,0.249,0.249,0.249,0.249,0.249,0.249,0.249,0.249,0.249,0.249,0.249,0.249,5.976,5.976,5.976,5.976,5.976,5.976,5.976,5.976,5.976,5.976,180.048,180.048,174.24,180.048,174.24
0.285,0.285,0.285,0.285,0.285,0.285,0.285,0.285,0.285,0.285,0.285,0.285,0.285,0.285,0.285,0.285,0.285,0.285,0.285,0.285,0.285,0.285,0.285,0.285,6.84,6.84,6.84,6.84,6.84,6.84,6.84,6.84,6.84,6.84,212.04,212.04,205.2,212.04,205.2
0.192,0.192,0.192,0.192,0.192,0.192,0.192,0.192,0.192,0.192,0.192,0.192,0.192,0.192,0.192,0.192,0.192,0.192,0.192,0.192,0.192,0.192,0.192,0.192,4.6080000000000005,4.6080000000000005,4.6080000000000005,4.6080000000000005,4.6080000000000005,4.6080000000000005,4.6080000000000005,4.6080000000000005,4.6080000000000005,4.6080000000000005,185.256,185.256,179.28,185.256,179.28
0.177,0.177,0.177,0.177,0.177,0.177,0.177,0.177,0.177,0.177,0.177,0.177,0.177,0.177,0.177,0.177,0.177,0.177,0.177,0.177,0.177,0.177,0.177,0.177,4.247999999999999,4.247999999999999,4.247999999999999,4.247999999999999,4.247999999999999,4.247999999999999,4.247999999999999,4.247999999999999,4.247999999999999,4.247999999999999,243.288,243.288,235.44000000000003,243.288,235.44000000000003
0.258,0.258,0.258,0.258,0.258,0.258,0.258,0.258,0.258,0.258,0.258,0.258,0.258,0.258,0.258,0.258,0.258,0.258,0.258,0.258,0.258,0.258,0.258,0.258,6.192,6.192,6.192,6.192,6.192,6.192,6.192,6.192,6.192,6.192,130.2,130.2,125.99999999999997,130.2,125.99999999999997
0.349,0.349,0.349,0.349,0.349,0.349,0.349,0.349,0.349,0.349,0.349,0.349,0.349,0.349,0.349,0.349,0.349,0.349,0.349,0.349,0.349,0.349,0.349,0.349,8.376,8.376,8.376,8.376,8.376,8.376,8.376,8.376,8.376,8.376,309.504,309.504,299.52,309.504,299.52
0.2,0.2,0.2,0.2,0.2,0.2,0.2,0.2,0.2,0.2,0.2,0.2,0.2,0.2,0.2,0.2,0.2,0.2,0.2,0.2,0.2,0.2,0.2,0.2,4.800000000000001,4.800000000000001,4.800000000000001,4.800000000000001,4.800000000000001,4.800000000000001,4.800000000000001,4.800000000000001,4.800000000000001,4.800000000000001,320.664,320.664,310.32,320.664,310.32
0.32,0.32,0.32,0.32,0.32,0.32,0.32,0.32,0.32,0.32,0.32,0.32,0.32,0.32,0.32,0.32,0.32,0.32,0.32,0.32,0.32,0.32,0.32,0.32,7.68,7.68,7.68,7.68,7.68,7.68,7.68,7.68,7.68,7.68,217.992,217.992,210.96,217.992,210.96
0.451,0.451,0.451,0.451,0.451,0.451,0.451,0.451,0.451,0.451,0.451,0.451,0.451,0.451,0.451,0.451,0.451,0.451,0.451,0.451,0.451,0.451,0.451,0.451,10.824,10.824,10.824,10.824,10.824,10.824,10.824,10.824,10.824,10.824,236.59199999999998,236.59199999999998,228.95999999999998,236.59199999999998,228.95999999999998
0.209,0.209,0.209,0.209,0.209,0.209,0.209,0.209,0.209,0.209,0.209,0.209,0.209,0.209,0.209,0.209,0.209,0.209,0.209,0.209,0.209,0.209,0.209,0.209,5.016,5.016,5.016,5.016,5.016,5.016,5.016,5.016,5.016,5.016,257.42400000000004,257.42400000000004,249.12,257.42400000000004,249.12
0.26,0.26,0.26,0.26,0.26,0.26,0.26,0.26,0.26,0.26,0.26,0.26,0.26,0.26,0.26,0.26,0.26,0.26,0.26,0.26,0.26,0.26,0.26,0.26,6.24,6.24,6.24,6.24,6.24,6.24,6.24,6.24,6.24,6.24,994.7280000000001,994.7280000000001,962.64,994.7280000000001,962.64
0.359,0.359,0.359,0.359,0.359,0.359,0.359,0.359,0.359,0.359,0.359,0.359,0.359,0.359,0.359,0.359,0.359,0.359,0.359,0.359,0.359,0.359,0.359,0.359,8.616,8.616,8.616,8.616,8.616,8.616,8.616,8.616,8.616,8.616,195.672,195.672,189.36,195.672,189.36
0.345,0.345,0.345,0.345,0.345,0.345,0.345,0.345,0.345,0.345,0.345,0.345,0.345,0.345,0.345,0.345,0.345,0.345,0.345,0.345,0.345,0.345,0.345,0.345,8.28,8.28,8.28,8.28,8.28,8.28,8.28,8.28,8.28,8.28,206.83200000000002,206.83200000000002,200.16000000000003,206.83200000000002,200.16000000000003
0.275,0.275,0.275,0.275,0.275,0.275,0.275,0.275,0.275,0.275,0.275,0.275,0.275,0.275,0.275,0.275,0.275,0.275,0.275,0.275,0.275,0.275,0.275,0.275,6.6000000000000005,6.6000000000000005,6.6000000000000005,6.6000000000000005,6.6000000000000005,6.6000000000000005,6.6000000000000005,6.6000000000000005,6.6000000000000005,6.6000000000000005,140.61599999999999,140.61599999999999,136.07999999999998,140.61599999999999,136.07999999999998
0.263,0.263,0.263,0.263,0.263,0.263,0.263,0.263,0.263,0.263,0.263,0.263,0.263,0.263,0.263,0.263,0.263,0.263,0.263,0.263,0.263,0.263,0.263,0.263,6.312,6.312,6.312,6.312,6.312,6.312,6.312,6.312,6.312,6.312,210.55200000000002,210.55200000000002,203.76000000000002,210.55200000000002,203.76000000000002
0.404,0.404,0.404,0.404,0.404,0.404,0.404,0.404,0.404,0.404,0.404,0.404,0.404,0.404,0.404,0.404,0.404,0.404,0.404,0.404,0.404,0.404,0.404,0.404,9.696000000000002,9.696000000000002,9.696000000000002,9.696000000000002,9.696000000000002,9.696000000000002,9.696000000000002,9.696000000000002,9.696000000000002,9.696000000000002,220.96800000000002,220.96800000000002,213.84,220.96800000000002,213.84
0.431,0.431,0.431,0.431,0.431,0.431,0.431,0.431,0.431,0.431,0.431,0.431,0.431,0.431,0.431,0.431,0.431,0.431,0.431,0.431,0.431,0.431,0.431,0.431,10.344,10.344,10.344,10.344,10.344,10.344,10.344,10.344,10.344,10.344,279.0,279.0,270.0,279.0,270.0
0.147,0.147,0.147,0.147,0.147,0.147,0.147,0.147,0.147,0.147,0.147,0.147,0.147,0.147,0.147,0.147,0.147,0.147,0.147,0.147,0.147,0.147,0.147,0.147,3.5279999999999996,3.5279999999999996,3.5279999999999996,3.5279999999999996,3.5279999999999996,3.5279999999999996,3.5279999999999996,3.5279999999999996,3.5279999999999996,3.5279999999999996,209.80799999999996,209.80799999999996,203.03999999999996,209.80799999999996,203.03999999999996
0.354,0.354,0.354,0.354,0.354,0.354,0.354,0.354,0.354,0.354,0.354,0.354,0.354,0.354,0.354,0.354,0.354,0.354,0.354,0.354,0.354,0.354,0.354,0.354,8.495999999999999,8.495999999999999,8.495999999999999,8.495999999999999,8.495999999999999,8.495999999999999,8.495999999999999,8.495999999999999,8.495999999999999,8.495999999999999,267.096,267.096,258.48,267.096,258.48
0.234,0.234,0.234,0.234,0.234,0.234,0.234,0.234,0.234,0.234,0.234,0.234,0.234,0.234,0.234,0.234,0.234,0.234,0.234,0.234,0.234,0.234,0.234,0.234,5.6160000000000005,5.6160000000000005,5.6160000000000005,5.6160000000000005,5.6160000000000005,5.6160000000000005,5.6160000000000005,5.6160000000000005,5.6160000000000005,5.6160000000000005,110.11200000000001,110.11200000000001,106.56000000000002,110.11200000000001,106.56000000000002
0.123,0.123,0.123,0.123,0.123,0.123,0.123,0.123,0.123,0.123,0.123,0.123,0.123,0.123,0.123,0.123,0.123,0.123,0.123,0.123,0.123,0.123,0.123,0.123,2.952,2.952,2.952,2.952,2.952,2.952,2.952,2.952,2.952,2.952,142.10399999999998,142.10399999999998,137.51999999999998,142.10399999999998,137.51999999999998
0.302,0.302,0.302,0.302,0.302,0.302,0.302,0.302,0.302,0.302,0.302,0.302,0.302,0.302,0.302,0.302,0.302,0.302,0.302,0.302,0.302,0.302,0.302,0.302,7.247999999999999,7.247999999999999,7.247999999999999,7.247999999999999,7.247999999999999,7.247999999999999,7.247999999999999,7.247999999999999,7.247999999999999,7.247999999999999,149.54399999999998,149.54399999999998,144.72,149.54399999999998,144.72
0.337,0.337,0.337,0.337,0.337,0.337,0.337,0.337,0.337,0.337,0.337,0.337,0.337,0.337,0.337,0.337,0.337,0.337,0.337,0.337,0.337,0.337,0.337,0.337,8.088000000000001,8.088000000000001,8.088000000000001,8.088000000000001,8.088000000000001,8.088000000000001,8.088000000000001,8.088000000000001,8.088000000000001,8.088000000000001,264.86400000000003,264.86400000000003,256.32,264.86400000000003,256.32
0.34,0.34,0.34,0.34,0.34,0.34,0.34,0.34,0.34,0.34,0.34,0.34,0.34,0.34,0.34,0.34,0.34,0.34,0.34,0.34,0.34,0.34,0.34,0.34,8.16,8.16,8.16,8.16,8.16,8.16,8.16,8.16,8.16,8.16,152.52,152.52,147.6,152.52,147.6
0.27,0.27,0.27,0.27,0.27,0.27,0.27,0.27,0.27,0.27,0.27,0.27,0.27,0.27,0.27,0.27,0.27,0.27,0.27,0.27,0.27,0.27,0.27,0.27,6.48,6.48,6.48,6.48,6.48,6.48,6.48,6.48,6.48,6.48,150.288,150.288,145.44000000000003,150.288,145.44000000000003
0.345,0.345,0.345,0.345,0.345,0.345,0.345,0.345,0.345,0.345,0.345,0.345,0.345,0.345,0.345,0.345,0.345,0.345,0.345,0.345,0.345,0.345,0.345,0.345,8.28,8.28,8.28,8.28,8.28,8.28,8.28,8.28,8.28,8.28,128.712,128.712,124.55999999999997,128.712,124.55999999999997
0.173,0.173,0.173,0.173,0.173,0.173,0.173,0.173,0.173,0.173,0.173,0.173,0.173,0.173,0.173,0.173,0.173,0.173,0.173,0.173,0.173,0.173,0.173,0.173,4.151999999999999,4.151999999999999,4.151999999999999,4.151999999999999,4.151999999999999,4.151999999999999,4.151999999999999,4.151999999999999,4.151999999999999,4.151999999999999,177.816,177.816,172.07999999999998,177.816,172.07999999999998
0.419,0.419,0.419,0.419,0.419,0.419,0.419,0.419,0.419,0.419,0.419,0.419,0.419,0.419,0.419,0.419,0.419,0.419,0.419,0.419,0.419,0.419,0.419,0.419,10.056,10.056,10.056,10.056,10.056,10.056,10.056,10.056,10.056,10.056,1704.504,1704.504,1649.5199999999998,1704.504,1649.5199999999998
0.222,0.222,0.222,0.222,0.222,0.222,0.222,0.222,0.222,0.222,0.222,0.222,0.222,0.222,0.222,0.222,0.222,0.222,0.222,0.222,0.222,0.222,0.222,0.222,5.328,5.328,5.328,5.328,5.328,5.328,5.328,5.328,5.328,5.328,246.26400000000004,246.26400000000004,238.32000000000002,246.26400000000004,238.32000000000002
0.128,0.128,0.128,0.128,0.128,0.128,0.128,0.128,0.128,0.128,0.128,0.128,0.128,0.128,0.128,0.128,0.128,0.128,0.128,0.128,0.128,0.128,0.128,0.128,3.072,3.072,3.072,3.072,3.072,3.072,3.072,3.072,3.072,3.072,108.62399999999998,108.62399999999998,105.11999999999999,108.62399999999998,105.11999999999999
0.321,0.321,0.321,0.321,0.321,0.321,0.321,0.321,0.321,0.321,0.321,0.321,0.321,0.321,0.321,0.321,0.321,0.321,0.321,0.321,0.321,0.321,0.321,0.321,7.704000000000001,7.704000000000001,7.704000000000001,7.704000000000001,7.704000000000001,7.704000000000001,7.704000000000001,7.704000000000001,7.704000000000001,7.704000000000001,322.896,322.896,312.48,322.896,312.48
0.242,0.242,0.242,0.242,0.242,0.242,0.242,0.242,0.242,0.242,0.242,0.242,0.242,0.242,0.242,0.242,0.242,0.242,0.242,0.242,0.242,0.242,0.242,0.242,5.808,5.808,5.808,5.808,5.808,5.808,5.808,5.808,5.808,5.808,273.0480000000001,273.0480000000001,264.2400000000001,273.0480000000001,264.2400000000001
0.285,0.285,0.285,0.285,0.285,0.285,0.285,0.285,0.285,0.285,0.285,0.285,0.285,0.285,0.285,0.285,0.285,0.285,0.285,0.285,0.285,0.285,0.285,0.285,6.84,6.84,6.84,6.84,6.84,6.84,6.84,6.84,6.84,6.84,160.70400000000004,160.70400000000004,155.52000000000004,160.70400000000004,155.52000000000004
0.249,0.249,0.249,0.249,0.249,0.249,0.249,0.249,0.249,0.249,0.249,0.249,0.249,0.249,0.249,0.249,0.249,0.249,0.249,0.249,0.249,0.249,0.249,0.249,5.976,5.976,5.976,5.976,5.976,5.976,5.976,5.976,5.976,5.976,400.272,400.272,387.35999999999996,400.272,387.35999999999996
0.327,0.327,0.327,0.327,0.327,0.327,0.327,0.327,0.327,0.327,0.327,0.327,0.327,0.327,0.327,0.327,0.327,0.327,0.327,0.327,0.327,0.327,0.327,0.327,7.848000000000001,7.848000000000001,7.848000000000001,7.848000000000001,7.848000000000001,7.848000000000001,7.848000000000001,7.848000000000001,7.848000000000001,7.848000000000001,139.128,139.128,134.64,139.128,134.64
0.175,0.175,0.175,0.175,0.175,0.175,0.175,0.175,0.175,0.175,0.175,0.175,0.175,0.175,0.175,0.175,0.175,0.175,0.175,0.175,0.175,0.175,0.175,0.175,4.199999999999999,4.199999999999999,4.199999999999999,4.199999999999999,4.199999999999999,4.199999999999999,4.199999999999999,4.199999999999999,4.199999999999999,4.199999999999999,159.588,159.588,154.44,159.588,154.44
0.416,0.416,0.416,0.416,0.416,0.416,0.416,0.416,0.416,0.416,0.416,0.416,0.416,0.416,0.416,0.416,0.416,0.416,0.416,0.416,0.416,0.416,0.416,0.416,9.984,9.984,9.984,9.984,9.984,9.984,9.984,9.984,9.984,9.984,116.064,116.064,112.32,116.064,112.32
0.431,0.431,0.431,0.431,0.431,0.431,0.431,0.431,0.431,0.431,0.431,0.431,0.431,0.431,0.431,0.431,0.431,0.431,0.431,0.431,0.431,0.431,0.431,0.431,10.344,10.344,10.344,10.344,10.344,10.344,10.344,10.344,10.344,10.344,203.85600000000002,203.85600000000002,197.28000000000003,203.85600000000002,197.28000000000003
0.293,0.293,0.293,0.293,0.293,0.293,0.293,0.293,0.293,0.293,0.293,0.293,0.293,0.293,0.293,0.293,0.293,0.293,0.293,0.293,0.293,0.293,0.293,0.293,7.032,7.032,7.032,7.032,7.032,7.032,7.032,7.032,7.032,7.032,399.5280000000001,399.5280000000001,386.64000000000004,399.5280000000001,386.64000000000004
0.318,0.318,0.318,0.318,0.318,0.318,0.318,0.318,0.318,0.318,0.318,0.318,0.318,0.318,0.318,0.318,0.318,0.318,0.318,0.318,0.318,0.318,0.318,0.318,7.632,7.632,7.632,7.632,7.632,7.632,7.632,7.632,7.632,7.632,128.712,128.712,124.55999999999997,128.712,124.55999999999997
0.34600000000000003,0.34600000000000003,0.34600000000000003,0.34600000000000003,0.34600000000000003,0.34600000000000003,0.34600000000000003,0.34600000000000003,0.34600000000000003,0.34600000000000003,0.34600000000000003,0.34600000000000003,0.34600000000000003,0.34600000000000003,0.34600000000000003,0.34600000000000003,0.34600000000000003,0.34600000000000003,0.34600000000000003,0.34600000000000003,0.34600000000000003,0.34600000000000003,0.34600000000000003,0.34600000000000003,8.304,8.304,8.304,8.304,8.304,8.304,8.304,8.304,8.304,8.304,160.70400000000004,160.70400000000004,155.52000000000004,160.70400000000004,155.52000000000004
0.263,0.263,0.263,0.263,0.263,0.263,0.263,0.263,0.263,0.263,0.263,0.263,0.263,0.263,0.263,0.263,0.263,0.263,0.263,0.263,0.263,0.263,0.263,0.263,6.312,6.312,6.312,6.312,6.312,6.312,6.312,6.312,6.312,6.312,59.519999999999996,59.519999999999996,57.599999999999994,59.519999999999996,57.599999999999994
0.278,0.278,0.278,0.278,0.278,0.278,0.278,0.278,0.278,0.278,0.278,0.278,0.278,0.278,0.278,0.278,0.278,0.278,0.278,0.278,0.278,0.278,0.278,0.278,6.672000000000001,6.672000000000001,6.672000000000001,6.672000000000001,6.672000000000001,6.672000000000001,6.672000000000001,6.672000000000001,6.672000000000001,6.672000000000001,130.2,130.2,125.99999999999997,130.2,125.99999999999997
0.189,0.189,0.189,0.189,0.189,0.189,0.189,0.189,0.189,0.189,0.189,0.189,0.189,0.189,0.189,0.189,0.189,0.189,0.189,0.189,0.189,0.189,0.189,0.189,4.536,4.536,4.536,4.536,4.536,4.536,4.536,4.536,4.536,4.536,200.13600000000002,200.13600000000002,193.68,200.13600000000002,193.68
0.28300000000000003,0.28300000000000003,0.28300000000000003,0.28300000000000003,0.28300000000000003,0.28300000000000003,0.28300000000000003,0.28300000000000003,0.28300000000000003,0.28300000000000003,0.28300000000000003,0.28300000000000003,0.28300000000000003,0.28300000000000003,0.28300000000000003,0.28300000000000003,0.28300000000000003,0.28300000000000003,0.28300000000000003,0.28300000000000003,0.28300000000000003,0.28300000000000003,0.28300000000000003,0.28300000000000003,6.792000000000001,6.792000000000001,6.792000000000001,6.792000000000001,6.792000000000001,6.792000000000001,6.792000000000001,6.792000000000001,6.792000000000001,6.792000000000001,188.232,188.232,182.16,188.232,182.16
0.297,0.297,0.297,0.297,0.297,0.297,0.297,0.297,0.297,0.297,0.297,0.297,0.297,0.297,0.297,0.297,0.297,0.297,0.297,0.297,0.297,0.297,0.297,0.297,7.128,7.128,7.128,7.128,7.128,7.128,7.128,7.128,7.128,7.128,171.864,171.864,166.32000000000002,171.864,166.32000000000002
0.375,0.375,0.375,0.375,0.375,0.375,0.375,0.375,0.375,0.375,0.375,0.375,0.375,0.375,0.375,0.375,0.375,0.375,0.375,0.375,0.375,0.375,0.375,0.375,9.0,9.0,9.0,9.0,9.0,9.0,9.0,9.0,9.0,9.0,185.256,185.256,179.28,185.256,179.28
0.282,0.282,0.282,0.282,0.282,0.282,0.282,0.282,0.282,0.282,0.282,0.282,0.282,0.282,0.282,0.282,0.282,0.282,0.282,0.282,0.282,0.282,0.282,0.282,6.767999999999999,6.767999999999999,6.767999999999999,6.767999999999999,6.767999999999999,6.767999999999999,6.767999999999999,6.767999999999999,6.767999999999999,6.767999999999999,85.56,85.56,82.80000000000001,85.56,82.80000000000001
0.359,0.359,0.359,0.359,0.359,0.359,0.359,0.359,0.359,0.359,0.359,0.359,0.359,0.359,0.359,0.359,0.359,0.359,0.359,0.359,0.359,0.359,0.359,0.359,8.616,8.616,8.616,8.616,8.616,8.616,8.616,8.616,8.616,8.616,145.07999999999998,145.07999999999998,140.39999999999998,145.07999999999998,140.39999999999998
0.14800000000000002,0.14800000000000002,0.14800000000000002,0.14800000000000002,0.14800000000000002,0.14800000000000002,0.14800000000000002,0.14800000000000002,0.14800000000000002,0.14800000000000002,0.14800000000000002,0.14800000000000002,0.14800000000000002,0.14800000000000002,0.14800000000000002,0.14800000000000002,0.14800000000000002,0.14800000000000002,0.14800000000000002,0.14800000000000002,0.14800000000000002,0.14800000000000002,0.14800000000000002,0.14800000000000002,3.5520000000000005,3.5520000000000005,3.5520000000000005,3.5520000000000005,3.5520000000000005,3.5520000000000005,3.5520000000000005,3.5520000000000005,3.5520000000000005,3.5520000000000005,127.224,127.224,123.12,127.224,123.12
0.191,0.191,0.191,0.191,0.191,0.191,0.191,0.191,0.191,0.191,0.191,0.191,0.191,0.191,0.191,0.191,0.191,0.191,0.191,0.191,0.191,0.191,0.191,0.191,4.584,4.584,4.584,4.584,4.584,4.584,4.584,4.584,4.584,4.584,4.464,4.464,4.32,4.464,4.32
0.201,0.201,0.201,0.201,0.201,0.201,0.201,0.201,0.201,0.201,0.201,0.201,0.201,0.201,0.201,0.201,0.201,0.201,0.201,0.201,0.201,0.201,0.201,0.201,4.824,4.824,4.824,4.824,4.824,4.824,4.824,4.824,4.824,4.824,231.38400000000001,231.38400000000001,223.92000000000002,231.38400000000001,223.92000000000002
0.35600000000000004,0.35600000000000004,0.35600000000000004,0.35600000000000004,0.35600000000000004,0.35600000000000004,0.35600000000000004,0.35600000000000004,0.35600000000000004,0.35600000000000004,0.35600000000000004,0.35600000000000004,0.35600000000000004,0.35600000000000004,0.35600000000000004,0.35600000000000004,0.35600000000000004,0.35600000000000004,0.35600000000000004,0.35600000000000004,0.35600000000000004,0.35600000000000004,0.35600000000000004,0.35600000000000004,8.544,8.544,8.544,8.544,8.544,8.544,8.544,8.544,8.544,8.544,148.8,148.8,144.00000000000003,148.8,144.00000000000003
0.205,0.205,0.205,0.205,0.205,0.205,0.205,0.205,0.205,0.205,0.205,0.205,0.205,0.205,0.205,0.205,0.205,0.205,0.205,0.205,0.205,0.205,0.205,0.205,4.92,4.92,4.92,4.92,4.92,4.92,4.92,4.92,4.92,4.92,154.008,154.008,149.04,154.008,149.04
0.202,0.202,0.202,0.202,0.202,0.202,0.202,0.202,0.202,0.202,0.202,0.202,0.202,0.202,0.202,0.202,0.202,0.202,0.202,0.202,0.202,0.202,0.202,0.202,4.848000000000001,4.848000000000001,4.848000000000001,4.848000000000001,4.848000000000001,4.848000000000001,4.848000000000001,4.848000000000001,4.848000000000001,4.848000000000001,97.464,97.464,94.32000000000001,97.464,94.32000000000001
0.173,0.173,0.173,0.173,0.173,0.173,0.173,0.173,0.173,0.173,0.173,0.173,0.173,0.173,0.173,0.173,0.173,0.173,0.173,0.173,0.173,0.173,0.173,0.173,4.151999999999999,4.151999999999999,4.151999999999999,4.151999999999999,4.151999999999999,4.151999999999999,4.151999999999999,4.151999999999999,4.151999999999999,4.151999999999999,249.24000000000004,249.24000000000004,241.20000000000002,249.24000000000004,241.20000000000002
0.239,0.239,0.239,0.239,0.239,0.239,0.239,0.239,0.239,0.239,0.239,0.239,0.239,0.239,0.239,0.239,0.239,0.239,0.239,0.239,0.239,0.239,0.239,0.239,5.736,5.736,5.736,5.736,5.736,5.736,5.736,5.736,5.736,5.736,144.336,144.336,139.68,144.336,139.68
0.331,0.331,0.331,0.331,0.331,0.331,0.331,0.331,0.331,0.331,0.331,0.331,0.331,0.331,0.331,0.331,0.331,0.331,0.331,0.331,0.331,0.331,0.331,0.331,7.944000000000001,7.944000000000001,7.944000000000001,7.944000000000001,7.944000000000001,7.944000000000001,7.944000000000001,7.944000000000001,7.944000000000001,7.944000000000001,168.888,168.888,163.44,168.888,163.44
0.146,0.146,0.146,0.146,0.146,0.146,0.146,0.146,0.146,0.146,0.146,0.146,0.146,0.146,0.146,0.146,0.146,0.146,0.146,0.146,0.146,0.146,0.146,0.146,3.5039999999999996,3.5039999999999996,3.5039999999999996,3.5039999999999996,3.5039999999999996,3.5039999999999996,3.5039999999999996,3.5039999999999996,3.5039999999999996,3.5039999999999996,123.504,123.504,119.52,123.504,119.52
0.434,0.434,0.434,0.434,0.434,0.434,0.434,0.434,0.434,0.434,0.434,0.434,0.434,0.434,0.434,0.434,0.434,0.434,0.434,0.434,0.434,0.434,0.434,0.434,10.416,10.416,10.416,10.416,10.416,10.416,10.416,10.416,10.416,10.416,96.72,96.72,93.60000000000001,96.72,93.60000000000001
0.3670000000000001,0.3670000000000001,0.3670000000000001,0.3670000000000001,0.3670000000000001,0.3670000000000001,0.3670000000000001,0.3670000000000001,0.3670000000000001,0.3670000000000001,0.3670000000000001,0.3670000000000001,0.3670000000000001,0.3670000000000001,0.3670000000000001,0.3670000000000001,0.3670000000000001,0.3670000000000001,0.3670000000000001,0.3670000000000001,0.3670000000000001,0.3670000000000001,0.3670000000000001,0.3670000000000001,8.808000000000003,8.808000000000003,8.808000000000003,8.808000000000003,8.808000000000003,8.808000000000003,8.808000000000003,8.808000000000003,8.808000000000003,8.808000000000003,238.07999999999998,238.07999999999998,230.39999999999998,238.07999999999998,230.39999999999998
0.21600000000000005,0.21600000000000005,0.21600000000000005,0.21600000000000005,0.21600000000000005,0.21600000000000005,0.21600000000000005,0.21600000000000005,0.21600000000000005,0.21600000000000005,0.21600000000000005,0.21600000000000005,0.21600000000000005,0.21600000000000005,0.21600000000000005,0.21600000000000005,0.21600000000000005,0.21600000000000005,0.21600000000000005,0.21600000000000005,0.21600000000000005,0.21600000000000005,0.21600000000000005,0.21600000000000005,5.184000000000001,5.184000000000001,5.184000000000001,5.184000000000001,5.184000000000001,5.184000000000001,5.184000000000001,5.184000000000001,5.184000000000001,5.184000000000001,2039.304,2039.304,1973.5200000000002,2039.304,1973.5200000000002
0.187,0.187,0.187,0.187,0.187,0.187,0.187,0.187,0.187,0.187,0.187,0.187,0.187,0.187,0.187,0.187,0.187,0.187,0.187,0.187,0.187,0.187,0.187,0.187,4.4879999999999995,4.4879999999999995,4.4879999999999995,4.4879999999999995,4.4879999999999995,4.4879999999999995,4.4879999999999995,4.4879999999999995,4.4879999999999995,4.4879999999999995,269.328,269.328,260.64,269.328,260.64
0.2145,0.2145,0.2145,0.2145,0.2145,0.2145,0.2145,0.2145,0.2145,0.2145,0.2145,0.2145,0.2145,0.2145,0.2145,0.2145,0.2145,0.2145,0.2145,0.2145,0.2145,0.2145,0.2145,0.2145,5.148,5.148,5.148,5.148,5.148,5.148,5.148,5.148,5.148,5.148,200.13600000000002,200.13600000000002,193.68,200.13600000000002,193.68
0.156,0.156,0.156,0.156,0.156,0.156,0.156,0.156,0.156,0.156,0.156,0.156,0.156,0.156,0.156,0.156,0.156,0.156,0.156,0.156,0.156,0.156,0.156,0.156,3.7439999999999998,3.7439999999999998,3.7439999999999998,3.7439999999999998,3.7439999999999998,3.7439999999999998,3.7439999999999998,3.7439999999999998,3.7439999999999998,3.7439999999999998,87.048,87.048,84.24000000000001,87.048,84.24000000000001
0.274,0.274,0.274,0.274,0.274,0.274,0.274,0.274,0.274,0.274,0.274,0.274,0.274,0.274,0.274,0.274,0.274,0.274,0.274,0.274,0.274,0.274,0.274,0.274,6.5760000000000005,6.5760000000000005,6.5760000000000005,6.5760000000000005,6.5760000000000005,6.5760000000000005,6.5760000000000005,6.5760000000000005,6.5760000000000005,6.5760000000000005,197.904,197.904,191.52,197.904,191.52
0.173,0.173,0.173,0.173,0.173,0.173,0.173,0.173,0.173,0.173,0.173,0.173,0.173,0.173,0.173,0.173,0.173,0.173,0.173,0.173,0.173,0.173,0.173,0.173,4.151999999999999,4.151999999999999,4.151999999999999,4.151999999999999,4.151999999999999,4.151999999999999,4.151999999999999,4.151999999999999,4.151999999999999,4.151999999999999,136.89600000000002,136.89600000000002,132.48000000000002,136.89600000000002,132.48000000000002
0.21600000000000005,0.21600000000000005,0.21600000000000005,0.21600000000000005,0.21600000000000005,0.21600000000000005,0.21600000000000005,0.21600000000000005,0.21600000000000005,0.21600000000000005,0.21600000000000005,0.21600000000000005,0.21600000000000005,0.21600000000000005,0.21600000000000005,0.21600000000000005,0.21600000000000005,0.21600000000000005,0.21600000000000005,0.21600000000000005,0.21600000000000005,0.21600000000000005,0.21600000000000005,0.21600000000000005,5.184000000000001,5.184000000000001,5.184000000000001,5.184000000000001,5.184000000000001,5.184000000000001,5.184000000000001,5.184000000000001,5.184000000000001,5.184000000000001,159.216,159.216,154.08,159.216,154.08
0.08,0.08,0.08,0.08,0.08,0.08,0.08,0.08,0.08,0.08,0.08,0.08,0.08,0.08,0.08,0.08,0.08,0.08,0.08,0.08,0.08,0.08,0.08,0.08,1.92,1.92,1.92,1.92,1.92,1.92,1.92,1.92,1.92,1.92,264.12,264.12,255.6,264.12,255.6
0.175,0.175,0.175,0.175,0.175,0.175,0.175,0.175,0.175,0.175,0.175,0.175,0.175,0.175,0.175,0.175,0.175,0.175,0.175,0.175,0.175,0.175,0.175,0.175,4.199999999999999,4.199999999999999,4.199999999999999,4.199999999999999,4.199999999999999,4.199999999999999,4.199999999999999,4.199999999999999,4.199999999999999,4.199999999999999,168.888,168.888,163.44,168.888,163.44
0.269,0.269,0.269,0.269,0.269,0.269,0.269,0.269,0.269,0.269,0.269,0.269,0.269,0.269,0.269,0.269,0.269,0.269,0.269,0.269,0.269,0.269,0.269,0.269,6.456,6.456,6.456,6.456,6.456,6.456,6.456,6.456,6.456,6.456,239.56799999999998,239.56799999999998,231.84,239.56799999999998,231.84
0.253,0.253,0.253,0.253,0.253,0.253,0.253,0.253,0.253,0.253,0.253,0.253,0.253,0.253,0.253,0.253,0.253,0.253,0.253,0.253,0.253,0.253,0.253,0.253,6.072,6.072,6.072,6.072,6.072,6.072,6.072,6.072,6.072,6.072,124.992,124.992,120.96000000000001,124.992,120.96000000000001
0.231,0.231,0.231,0.231,0.231,0.231,0.231,0.231,0.231,0.231,0.231,0.231,0.231,0.231,0.231,0.231,0.231,0.231,0.231,0.231,0.231,0.231,0.231,0.231,5.5440000000000005,5.5440000000000005,5.5440000000000005,5.5440000000000005,5.5440000000000005,5.5440000000000005,5.5440000000000005,5.5440000000000005,5.5440000000000005,5.5440000000000005,223.2,223.2,215.99999999999997,223.2,215.99999999999997
0.249,0.249,0.249,0.249,0.249,0.249,0.249,0.249,0.249,0.249,0.249,0.249,0.249,0.249,0.249,0.249,0.249,0.249,0.249,0.249,0.249,0.249,0.249,0.249,5.976,5.976,5.976,5.976,5.976,5.976,5.976,5.976,5.976,5.976,111.6,111.6,107.99999999999999,111.6,107.99999999999999
0.115,0.115,0.115,0.115,0.115,0.115,0.115,0.115,0.115,0.115,0.115,0.115,0.115,0.115,0.115,0.115,0.115,0.115,0.115,0.115,0.115,0.115,0.115,0.115,2.7600000000000002,2.7600000000000002,2.7600000000000002,2.7600000000000002,2.7600000000000002,2.7600000000000002,2.7600000000000002,2.7600000000000002,2.7600000000000002,2.7600000000000002,81.096,81.096,78.48,81.096,78.48
0.195,0.195,0.195,0.195,0.195,0.195,0.195,0.195,0.195,0.195,0.195,0.195,0.195,0.195,0.195,0.195,0.195,0.195,0.195,0.195,0.195,0.195,0.195,0.195,4.68,4.68,4.68,4.68,4.68,4.68,4.68,4.68,4.68,4.68,201.62400000000002,201.62400000000002,195.12,201.62400000000002,195.12
0.171,0.171,0.171,0.171,0.171,0.171,0.171,0.171,0.171,0.171,0.171,0.171,0.171,0.171,0.171,0.171,0.171,0.171,0.171,0.171,0.171,0.171,0.171,0.171,4.104,4.104,4.104,4.104,4.104,4.104,4.104,4.104,4.104,4.104,89.28,89.28,86.39999999999999,89.28,86.39999999999999
0.311,0.311,0.311,0.311,0.311,0.311,0.311,0.311,0.311,0.311,0.311,0.311,0.311,0.311,0.311,0.311,0.311,0.311,0.311,0.311,0.311,0.311,0.311,0.311,7.464,7.464,7.464,7.464,7.464,7.464,7.464,7.464,7.464,7.464,154.752,154.752,149.76,154.752,149.76
0.2,0.2,0.2,0.2,0.2,0.2,0.2,0.2,0.2,0.2,0.2,0.2,0.2,0.2,0.2,0.2,0.2,0.2,0.2,0.2,0.2,0.2,0.2,0.2,4.800000000000001,4.800000000000001,4.800000000000001,4.800000000000001,4.800000000000001,4.800000000000001,4.800000000000001,4.800000000000001,4.800000000000001,4.800000000000001,224.688,224.688,217.43999999999997,224.688,217.43999999999997
0.207,0.207,0.207,0.207,0.207,0.207,0.207,0.207,0.207,0.207,0.207,0.207,0.207,0.207,0.207,0.207,0.207,0.207,0.207,0.207,0.207,0.207,0.207,0.207,4.968,4.968,4.968,4.968,4.968,4.968,4.968,4.968,4.968,4.968,320.664,320.664,310.32,320.664,310.32
0.131,0.131,0.131,0.131,0.131,0.131,0.131,0.131,0.131,0.131,0.131,0.131,0.131,0.131,0.131,0.131,0.131,0.131,0.131,0.131,0.131,0.131,0.131,0.131,3.144,3.144,3.144,3.144,3.144,3.144,3.144,3.144,3.144,3.144,230.64,230.64,223.2,230.64,223.2
0.335,0.335,0.335,0.335,0.335,0.335,0.335,0.335,0.335,0.335,0.335,0.335,0.335,0.335,0.335,0.335,0.335,0.335,0.335,0.335,0.335,0.335,0.335,0.335,8.040000000000001,8.040000000000001,8.040000000000001,8.040000000000001,8.040000000000001,8.040000000000001,8.040000000000001,8.040000000000001,8.040000000000001,8.040000000000001,1635.312,1635.312,1582.56,1635.312,1582.56
0.194,0.194,0.194,0.194,0.194,0.194,0.194,0.194,0.194,0.194,0.194,0.194,0.194,0.194,0.194,0.194,0.194,0.194,0.194,0.194,0.194,0.194,0.194,0.194,4.656000000000001,4.656000000000001,4.656000000000001,4.656000000000001,4.656000000000001,4.656000000000001,4.656000000000001,4.656000000000001,4.656000000000001,4.656000000000001,113.088,113.088,109.44,113.088,109.44
0.227,0.227,0.227,0.227,0.227,0.227,0.227,0.227,0.227,0.227,0.227,0.227,0.227,0.227,0.227,0.227,0.227,0.227,0.227,0.227,0.227,0.227,0.227,0.227,5.448,5.448,5.448,5.448,5.448,5.448,5.448,5.448,5.448,5.448,29.759999999999998,29.759999999999998,28.799999999999997,29.759999999999998,28.799999999999997
0.166,0.166,0.166,0.166,0.166,0.166,0.166,0.166,0.166,0.166,0.166,0.166,0.166,0.166,0.166,0.166,0.166,0.166,0.166,0.166,0.166,0.166,0.166,0.166,3.984,3.984,3.984,3.984,3.984,3.984,3.984,3.984,3.984,3.984,140.61599999999999,140.61599999999999,136.07999999999998,140.61599999999999,136.07999999999998
0.13,0.13,0.13,0.13,0.13,0.13,0.13,0.13,0.13,0.13,0.13,0.13,0.13,0.13,0.13,0.13,0.13,0.13,0.13,0.13,0.13,0.13,0.13,0.13,3.12,3.12,3.12,3.12,3.12,3.12,3.12,3.12,3.12,3.12,114.576,114.576,110.88,114.576,110.88
0.32,0.32,0.32,0.32,0.32,0.32,0.32,0.32,0.32,0.32,0.32,0.32,0.32,0.32,0.32,0.32,0.32,0.32,0.32,0.32,0.32,0.32,0.32,0.32,7.68,7.68,7.68,7.68,7.68,7.68,7.68,7.68,7.68,7.68,20.832,20.832,20.16,20.832,20.16
0.362,0.362,0.362,0.362,0.362,0.362,0.362,0.362,0.362,0.362,0.362,0.362,0.362,0.362,0.362,0.362,0.362,0.362,0.362,0.362,0.362,0.362,0.362,0.362,8.687999999999999,8.687999999999999,8.687999999999999,8.687999999999999,8.687999999999999,8.687999999999999,8.687999999999999,8.687999999999999,8.687999999999999,8.687999999999999,225.804,225.804,218.51999999999998,225.804,218.51999999999998
0.269,0.269,0.269,0.269,0.269,0.269,0.269,0.269,0.269,0.269,0.269,0.269,0.269,0.269,0.269,0.269,0.269,0.269,0.269,0.269,0.269,0.269,0.269,0.269,6.456,6.456,6.456,6.456,6.456,6.456,6.456,6.456,6.456,6.456,216.50400000000002,216.50400000000002,209.52000000000004,216.50400000000002,209.52000000000004
0.117,0.117,0.117,0.117,0.117,0.117,0.117,0.117,0.117,0.117,0.117,0.117,0.117,0.117,0.117,0.117,0.117,0.117,0.117,0.117,0.117,0.117,0.117,0.117,2.8080000000000003,2.8080000000000003,2.8080000000000003,2.8080000000000003,2.8080000000000003,2.8080000000000003,2.8080000000000003,2.8080000000000003,2.8080000000000003,2.8080000000000003,158.472,158.472,153.36,158.472,153.36
0.266,0.266,0.266,0.266,0.266,0.266,0.266,0.266,0.266,0.266,0.266,0.266,0.266,0.266,0.266,0.266,0.266,0.266,0.266,0.266,0.266,0.266,0.266,0.266,6.384,6.384,6.384,6.384,6.384,6.384,6.384,6.384,6.384,6.384,200.13600000000002,200.13600000000002,193.68,200.13600000000002,193.68
0.184,0.184,0.184,0.184,0.184,0.184,0.184,0.184,0.184,0.184,0.184,0.184,0.184,0.184,0.184,0.184,0.184,0.184,0.184,0.184,0.184,0.184,0.184,0.184,4.416,4.416,4.416,4.416,4.416,4.416,4.416,4.416,4.416,4.416,273.79200000000003,273.79200000000003,264.96000000000004,273.79200000000003,264.96000000000004
0.214,0.214,0.214,0.214,0.214,0.214,0.214,0.214,0.214,0.214,0.214,0.214,0.214,0.214,0.214,0.214,0.214,0.214,0.214,0.214,0.214,0.214,0.214,0.214,5.136,5.136,5.136,5.136,5.136,5.136,5.136,5.136,5.136,5.136,271.56,271.56,262.8,271.56,262.8
0.355,0.355,0.355,0.355,0.355,0.355,0.355,0.355,0.355,0.355,0.355,0.355,0.355,0.355,0.355,0.355,0.355,0.355,0.355,0.355,0.355,0.355,0.355,0.355,8.52,8.52,8.52,8.52,8.52,8.52,8.52,8.52,8.52,8.52,264.12,264.12,255.6,264.12,255.6
0.227,0.227,0.227,0.227,0.227,0.227,0.227,0.227,0.227,0.227,0.227,0.227,0.227,0.227,0.227,0.227,0.227,0.227,0.227,0.227,0.227,0.227,0.227,0.227,5.448,5.448,5.448,5.448,5.448,5.448,5.448,5.448,5.448,5.448,232.128,232.128,224.64,232.128,224.64
0.322,0.322,0.322,0.322,0.322,0.322,0.322,0.322,0.322,0.322,0.322,0.322,0.322,0.322,0.322,0.322,0.322,0.322,0.322,0.322,0.322,0.322,0.322,0.322,7.728,7.728,7.728,7.728,7.728,7.728,7.728,7.728,7.728,7.728,85.56,85.56,82.80000000000001,85.56,82.80000000000001
0.168,0.168,0.168,0.168,0.168,0.168,0.168,0.168,0.168,0.168,0.168,0.168,0.168,0.168,0.168,0.168,0.168,0.168,0.168,0.168,0.168,0.168,0.168,0.168,4.032,4.032,4.032,4.032,4.032,4.032,4.032,4.032,4.032,4.032,186.744,186.744,180.72,186.744,180.72
0.3,0.3,0.3,0.3,0.3,0.3,0.3,0.3,0.3,0.3,0.3,0.3,0.3,0.3,0.3,0.3,0.3,0.3,0.3,0.3,0.3,0.3,0.3,0.3,7.199999999999999,7.199999999999999,7.199999999999999,7.199999999999999,7.199999999999999,7.199999999999999,7.199999999999999,7.199999999999999,7.199999999999999,7.199999999999999,178.56,178.56,172.79999999999998,178.56,172.79999999999998
0.15,0.15,0.15,0.15,0.15,0.15,0.15,0.15,0.15,0.15,0.15,0.15,0.15,0.15,0.15,0.15,0.15,0.15,0.15,0.15,0.15,0.15,0.15,0.15,3.5999999999999996,3.5999999999999996,3.5999999999999996,3.5999999999999996,3.5999999999999996,3.5999999999999996,3.5999999999999996,3.5999999999999996,3.5999999999999996,3.5999999999999996,186.372,186.372,180.36,186.372,180.36
0.109,0.109,0.109,0.109,0.109,0.109,0.109,0.109,0.109,0.109,0.109,0.109,0.109,0.109,0.109,0.109,0.109,0.109,0.109,0.109,0.109,0.109,0.109,0.109,2.616,2.616,2.616,2.616,2.616,2.616,2.616,2.616,2.616,2.616,215.75999999999996,215.75999999999996,208.79999999999998,215.75999999999996,208.79999999999998
0.271,0.271,0.271,0.271,0.271,0.271,0.271,0.271,0.271,0.271,0.271,0.271,0.271,0.271,0.271,0.271,0.271,0.271,0.271,0.271,0.271,0.271,0.271,0.271,6.5040000000000004,6.5040000000000004,6.5040000000000004,6.5040000000000004,6.5040000000000004,6.5040000000000004,6.5040000000000004,6.5040000000000004,6.5040000000000004,6.5040000000000004,149.54399999999998,149.54399999999998,144.72,149.54399999999998,144.72
0.12,0.12,0.12,0.12,0.12,0.12,0.12,0.12,0.12,0.12,0.12,0.12,0.12,0.12,0.12,0.12,0.12,0.12,0.12,0.12,0.12,0.12,0.12,0.12,2.88,2.88,2.88,2.88,2.88,2.88,2.88,2.88,2.88,2.88,138.38400000000004,138.38400000000004,133.92000000000004,138.38400000000004,133.92000000000004
0.208,0.208,0.208,0.208,0.208,0.208,0.208,0.208,0.208,0.208,0.208,0.208,0.208,0.208,0.208,0.208,0.208,0.208,0.208,0.208,0.208,0.208,0.208,0.208,4.992,4.992,4.992,4.992,4.992,4.992,4.992,4.992,4.992,4.992,161.448,161.448,156.24,161.448,156.24
0.302,0.302,0.302,0.302,0.302,0.302,0.302,0.302,0.302,0.302,0.302,0.302,0.302,0.302,0.302,0.302,0.302,0.302,0.302,0.302,0.302,0.302,0.302,0.302,7.247999999999999,7.247999999999999,7.247999999999999,7.247999999999999,7.247999999999999,7.247999999999999,7.247999999999999,7.247999999999999,7.247999999999999,7.247999999999999,105.64799999999998,105.64799999999998,102.23999999999998,105.64799999999998,102.23999999999998
0.431,0.431,0.431,0.431,0.431,0.431,0.431,0.431,0.431,0.431,0.431,0.431,0.431,0.431,0.431,0.431,0.431,0.431,0.431,0.431,0.431,0.431,0.431,0.431,10.344,10.344,10.344,10.344,10.344,10.344,10.344,10.344,10.344,10.344,97.464,97.464,94.32000000000001,97.464,94.32000000000001
0.31,0.31,0.31,0.31,0.31,0.31,0.31,0.31,0.31,0.31,0.31,0.31,0.31,0.31,0.31,0.31,0.31,0.31,0.31,0.31,0.31,0.31,0.31,0.31,7.4399999999999995,7.4399999999999995,7.4399999999999995,7.4399999999999995,7.4399999999999995,7.4399999999999995,7.4399999999999995,7.4399999999999995,7.4399999999999995,7.4399999999999995,148.05599999999998,148.05599999999998,143.28,148.05599999999998,143.28
0.152,0.152,0.152,0.152,0.152,0.152,0.152,0.152,0.152,0.152,0.152,0.152,0.152,0.152,0.152,0.152,0.152,0.152,0.152,0.152,0.152,0.152,0.152,0.152,3.6479999999999997,3.6479999999999997,3.6479999999999997,3.6479999999999997,3.6479999999999997,3.6479999999999997,3.6479999999999997,3.6479999999999997,3.6479999999999997,3.6479999999999997,125.73599999999998,125.73599999999998,121.67999999999998,125.73599999999998,121.67999999999998
0.04,0.04,0.04,0.04,0.04,0.04,0.04,0.04,0.04,0.04,0.04,0.04,0.04,0.04,0.04,0.04,0.04,0.04,0.04,0.04,0.04,0.04,0.04,0.04,0.96,0.96,0.96,0.96,0.96,0.96,0.96,0.96,0.96,0.96,46.128,46.128,44.64,46.128,44.64
0.189,0.189,0.189,0.189,0.189,0.189,0.189,0.189,0.189,0.189,0.189,0.189,0.189,0.189,0.189,0.189,0.189,0.189,0.189,0.189,0.189,0.189,0.189,0.189,4.536,4.536,4.536,4.536,4.536,4.536,4.536,4.536,4.536,4.536,267.84000000000003,267.84000000000003,259.20000000000005,267.84000000000003,259.20000000000005
0.154,0.154,0.154,0.154,0.154,0.154,0.154,0.154,0.154,0.154,0.154,0.154,0.154,0.154,0.154,0.154,0.154,0.154,0.154,0.154,0.154,0.154,0.154,0.154,3.6959999999999997,3.6959999999999997,3.6959999999999997,3.6959999999999997,3.6959999999999997,3.6959999999999997,3.6959999999999997,3.6959999999999997,3.6959999999999997,3.6959999999999997,161.448,161.448,156.24,161.448,156.24
0.3035,0.3035,0.3035,0.3035,0.3035,0.3035,0.3035,0.3035,0.3035,0.3035,0.3035,0.3035,0.3035,0.3035,0.3035,0.3035,0.3035,0.3035,0.3035,0.3035,0.3035,0.3035,0.3035,0.3035,7.284,7.284,7.284,7.284,7.284,7.284,7.284,7.284,7.284,7.284,115.32,115.32,111.6,115.32,111.6
0.29100000000000004,0.29100000000000004,0.29100000000000004,0.29100000000000004,0.29100000000000004,0.29100000000000004,0.29100000000000004,0.29100000000000004,0.29100000000000004,0.29100000000000004,0.29100000000000004,0.29100000000000004,0.29100000000000004,0.29100000000000004,0.29100000000000004,0.29100000000000004,0.29100000000000004,0.29100000000000004,0.29100000000000004,0.29100000000000004,0.29100000000000004,0.29100000000000004,0.29100000000000004,0.29100000000000004,6.984000000000001,6.984000000000001,6.984000000000001,6.984000000000001,6.984000000000001,6.984000000000001,6.984000000000001,6.984000000000001,6.984000000000001,6.984000000000001,190.464,190.464,184.32,190.464,184.32
0.213,0.213,0.213,0.213,0.213,0.213,0.213,0.213,0.213,0.213,0.213,0.213,0.213,0.213,0.213,0.213,0.213,0.213,0.213,0.213,0.213,0.213,0.213,0.213,5.112,5.112,5.112,5.112,5.112,5.112,5.112,5.112,5.112,5.112,4179.791999999999,4179.791999999999,4044.959999999999,4179.791999999999,4044.959999999999
0.269,0.269,0.269,0.269,0.269,0.269,0.269,0.269,0.269,0.269,0.269,0.269,0.269,0.269,0.269,0.269,0.269,0.269,0.269,0.269,0.269,0.269,0.269,0.269,6.456,6.456,6.456,6.456,6.456,6.456,6.456,6.456,6.456,6.456,2501.328,2501.328,2420.64,2501.328,2420.64
0.368,0.368,0.368,0.368,0.368,0.368,0.368,0.368,0.368,0.368,0.368,0.368,0.368,0.368,0.368,0.368,0.368,0.368,0.368,0.368,0.368,0.368,0.368,0.368,8.832,8.832,8.832,8.832,8.832,8.832,8.832,8.832,8.832,8.832,9064.896,9064.896,8772.48,9064.896,8772.48
0.355,0.355,0.355,0.355,0.355,0.355,0.355,0.355,0.355,0.355,0.355,0.355,0.355,0.355,0.355,0.355,0.355,0.355,0.355,0.355,0.355,0.355,0.355,0.355,8.52,8.52,8.52,8.52,8.52,8.52,8.52,8.52,8.52,8.52,8181.023999999999,8181.023999999999,7917.12,8181.023999999999,7917.12
0.312,0.312,0.312,0.312,0.312,0.312,0.312,0.312,0.312,0.312,0.312,0.312,0.312,0.312,0.312,0.312,0.312,0.312,0.312,0.312,0.312,0.312,0.312,0.312,7.4879999999999995,7.4879999999999995,7.4879999999999995,7.4879999999999995,7.4879999999999995,7.4879999999999995,7.4879999999999995,7.4879999999999995,7.4879999999999995,7.4879999999999995,1225.3679999999997,1225.3679999999997,1185.8399999999997,1225.3679999999997,1185.8399999999997
0.251,0.251,0.251,0.251,0.251,0.251,0.251,0.251,0.251,0.251,0.251,0.251,0.251,0.251,0.251,0.251,0.251,0.251,0.251,0.251,0.251,0.251,0.251,0.251,6.024,6.024,6.024,6.024,6.024,6.024,6.024,6.024,6.024,6.024,2133.048,2133.048,2064.24,2133.048,2064.24
0.24,0.24,0.24,0.24,0.24,0.24,0.24,0.24,0.24,0.24,0.24,0.24,0.24,0.24,0.24,0.24,0.24,0.24,0.24,0.24,0.24,0.24,0.24,0.24,5.76,5.76,5.76,5.76,5.76,5.76,5.76,5.76,5.76,5.76,139.128,139.128,134.64,139.128,134.64
0.2505,0.2505,0.2505,0.2505,0.2505,0.2505,0.2505,0.2505,0.2505,0.2505,0.2505,0.2505,0.2505,0.2505,0.2505,0.2505,0.2505,0.2505,0.2505,0.2505,0.2505,0.2505,0.2505,0.2505,6.0120000000000005,6.0120000000000005,6.0120000000000005,6.0120000000000005,6.0120000000000005,6.0120000000000005,6.0120000000000005,6.0120000000000005,6.0120000000000005,6.0120000000000005,558.0,558.0,540.0,558.0,540.0
0.29,0.29,0.29,0.29,0.29,0.29,0.29,0.29,0.29,0.29,0.29,0.29,0.29,0.29,0.29,0.29,0.29,0.29,0.29,0.29,0.29,0.29,0.29,0.29,6.959999999999999,6.959999999999999,6.959999999999999,6.959999999999999,6.959999999999999,6.959999999999999,6.959999999999999,6.959999999999999,6.959999999999999,6.959999999999999,2513.976,2513.976,2432.88,2513.976,2432.88
0.201,0.201,0.201,0.201,0.201,0.201,0.201,0.201,0.201,0.201,0.201,0.201,0.201,0.201,0.201,0.201,0.201,0.201,0.201,0.201,0.201,0.201,0.201,0.201,4.824,4.824,4.824,4.824,4.824,4.824,4.824,4.824,4.824,4.824,852.6239999999999,852.6239999999999,825.1199999999999,852.6239999999999,825.1199999999999
0.18600000000000005,0.18600000000000005,0.18600000000000005,0.18600000000000005,0.18600000000000005,0.18600000000000005,0.18600000000000005,0.18600000000000005,0.18600000000000005,0.18600000000000005,0.18600000000000005,0.18600000000000005,0.18600000000000005,0.18600000000000005,0.18600000000000005,0.18600000000000005,0.18600000000000005,0.18600000000000005,0.18600000000000005,0.18600000000000005,0.18600000000000005,0.18600000000000005,0.18600000000000005,0.18600000000000005,4.464000000000001,4.464000000000001,4.464000000000001,4.464000000000001,4.464000000000001,4.464000000000001,4.464000000000001,4.464000000000001,4.464000000000001,4.464000000000001,225.06,225.06,217.79999999999998,225.06,217.79999999999998
0.217,0.217,0.217,0.217,0.217,0.217,0.217,0.217,0.217,0.217,0.217,0.217,0.217,0.217,0.217,0.217,0.217,0.217,0.217,0.217,0.217,0.217,0.217,0.217,5.208,5.208,5.208,5.208,5.208,5.208,5.208,5.208,5.208,5.208,5.952,5.952,5.76,5.952,5.76
0.142,0.142,0.142,0.142,0.142,0.142,0.142,0.142,0.142,0.142,0.142,0.142,0.142,0.142,0.142,0.142,0.142,0.142,0.142,0.142,0.142,0.142,0.142,0.142,3.4079999999999995,3.4079999999999995,3.4079999999999995,3.4079999999999995,3.4079999999999995,3.4079999999999995,3.4079999999999995,3.4079999999999995,3.4079999999999995,3.4079999999999995,819.888,819.888,793.44,819.888,793.44
0.131,0.131,0.131,0.131,0.131,0.131,0.131,0.131,0.131,0.131,0.131,0.131,0.131,0.131,0.131,0.131,0.131,0.131,0.131,0.131,0.131,0.131,0.131,0.131,3.144,3.144,3.144,3.144,3.144,3.144,3.144,3.144,3.144,3.144,130.94400000000002,130.94400000000002,126.72,130.94400000000002,126.72
0.199,0.199,0.199,0.199,0.199,0.199,0.199,0.199,0.199,0.199,0.199,0.199,0.199,0.199,0.199,0.199,0.199,0.199,0.199,0.199,0.199,0.199,0.199,0.199,4.776,4.776,4.776,4.776,4.776,4.776,4.776,4.776,4.776,4.776,4548.072,4548.072,4401.360000000001,4548.072,4401.360000000001
0.16899999999999998,0.16899999999999998,0.16899999999999998,0.16899999999999998,0.16899999999999998,0.16899999999999998,0.16899999999999998,0.16899999999999998,0.16899999999999998,0.16899999999999998,0.16899999999999998,0.16899999999999998,0.16899999999999998,0.16899999999999998,0.16899999999999998,0.16899999999999998,0.16899999999999998,0.16899999999999998,0.16899999999999998,0.16899999999999998,0.16899999999999998,0.16899999999999998,0.16899999999999998,0.16899999999999998,4.055999999999999,4.055999999999999,4.055999999999999,4.055999999999999,4.055999999999999,4.055999999999999,4.055999999999999,4.055999999999999,4.055999999999999,4.055999999999999,366.42,366.42,354.6,366.42,354.6
0.36,0.36,0.36,0.36,0.36,0.36,0.36,0.36,0.36,0.36,0.36,0.36,0.36,0.36,0.36,0.36,0.36,0.36,0.36,0.36,0.36,0.36,0.36,0.36,8.64,8.64,8.64,8.64,8.64,8.64,8.64,8.64,8.64,8.64,1467.912,1467.912,1420.5600000000002,1467.912,1420.5600000000002
0.217,0.217,0.217,0.217,0.217,0.217,0.217,0.217,0.217,0.217,0.217,0.217,0.217,0.217,0.217,0.217,0.217,0.217,0.217,0.217,0.217,0.217,0.217,0.217,5.208,5.208,5.208,5.208,5.208,5.208,5.208,5.208,5.208,5.208,264.86400000000003,264.86400000000003,256.32,264.86400000000003,256.32
0.155,0.155,0.155,0.155,0.155,0.155,0.155,0.155,0.155,0.155,0.155,0.155,0.155,0.155,0.155,0.155,0.155,0.155,0.155,0.155,0.155,0.155,0.155,0.155,3.7199999999999998,3.7199999999999998,3.7199999999999998,3.7199999999999998,3.7199999999999998,3.7199999999999998,3.7199999999999998,3.7199999999999998,3.7199999999999998,3.7199999999999998,224.688,224.688,217.43999999999997,224.688,217.43999999999997
0.256,0.256,0.256,0.256,0.256,0.256,0.256,0.256,0.256,0.256,0.256,0.256,0.256,0.256,0.256,0.256,0.256,0.256,0.256,0.256,0.256,0.256,0.256,0.256,6.144,6.144,6.144,6.144,6.144,6.144,6.144,6.144,6.144,6.144,74.4,74.4,72.00000000000001,74.4,72.00000000000001
